{"cameraMode":{"drawMode":0,"name":"Shaded","section":"Shading Mode"},"sceneLighting":true,"audioPlay":false,"sceneViewState":{"showFog":true,"showMaterialUpdate":false,"showSkybox":true,"showFlares":true,"showImageEffects":true,"showParticleSystems":true},"in2DMode":false,"pivot":{"x":21.408016204833986,"y":-2.6715354919433595,"z":-4.200611114501953},"rotation":{"x":0.058824677020311359,"y":0.8738648295402527,"z":-0.10936201363801956,"w":0.47004514932632449},"size":16.558013916015626,"orthographic":false}