{"cameraMode":{"drawMode":0,"name":"Shaded","section":"Shading Mode"},"sceneLighting":true,"audioPlay":false,"sceneViewState":{"showFog":true,"showMaterialUpdate":false,"showSkybox":true,"showFlares":true,"showImageEffects":true,"showParticleSystems":true},"in2DMode":false,"pivot":{"x":-3.5673828125,"y":0.64984130859375,"z":-0.27703094482421877},"rotation":{"x":0.2251601368188858,"y":-0.7577028274536133,"z":0.3310326039791107,"w":0.5153704285621643},"size":19.015644073486329,"orthographic":false}